theater,title,theater_film_link,dates,director,year,letterboxd_url,letterboxd_rating,letterboxd_viewers
Cineteca Madrid,Eva al desnudo,https://www.cinetecamadrid.com/programacion/eva-al-desnudo-0,"[{'timestamp': '2026-02-03 20:00', 'location': 'Cineteca Madrid'}]",Joseph L. Mankiewicz,1950,https://letterboxd.com/film/all-about-eve/,4.4,
Cineteca Madrid,Stalker,https://www.cinetecamadrid.com/programacion/stalker-0,"[{'timestamp': '2026-02-19 20:00', 'location': 'Cineteca Madrid'}]",Andréi Tarkovski,1979,https://letterboxd.com/film/stalker/,4.4,
Cineteca Madrid,Conferencia de José Luis Pardo + Tiempos modernos,https://www.cinetecamadrid.com/programacion/conferencia-de-jose-luis-pardo-tiempos-modernos,"[{'timestamp': '2026-02-14 19:00', 'location': 'Cineteca Madrid'}]",Charles Chaplin,1936,https://letterboxd.com/film/modern-times/,4.3,
Cineteca Madrid,Los espigadores y la espigadora,https://www.cinetecamadrid.com/programacion/los-espigadores-y-la-espigadora-0,"[{'timestamp': '2026-02-17 20:00', 'location': 'Cineteca Madrid'}]",Agnès Varda,2000,https://letterboxd.com/film/the-gleaners-and-i/,4.3,
Cineteca Madrid,Conferencia de Marta Sanz + All That Jazz (Empieza el espectáculo),https://www.cinetecamadrid.com/programacion/conferencia-de-marta-sanz-all-jazz-empieza-el-espectaculo,"[{'timestamp': '2026-02-06 19:00', 'location': 'Cineteca Madrid'}]",Bob Fosse,1979,https://letterboxd.com/film/all-that-jazz/,4.3,
Cine Doré,Los espigadores y la espigadora,https://entradasfilmoteca.sacatuentrada.es/es/productos/descripcion/los-espigadores-y-la-espigadora,"[{'timestamp': '2026-02-22 19:00', 'location': 'Cine Doré'}]",Agnès Varda,2000,https://letterboxd.com/film/the-gleaners-and-i/,4.3,
Cine Doré,Carga maldita,https://entradasfilmoteca.sacatuentrada.es/es/productos/descripcion/carga-maldita,"[{'timestamp': '2026-02-06 19:00', 'location': 'Cine Doré'}]",William Friedkin,1977,https://letterboxd.com/film/sorcerer/,4.3,
Cine Doré,Un asunto de familia,https://entradasfilmoteca.sacatuentrada.es/es/productos/descripcion/un-asunto-de-familia-8,"[{'timestamp': '2026-02-11 19:00', 'location': 'Cine Doré'}]",Hirokazu Koreeda,2018,https://letterboxd.com/film/shoplifters/,4.3,
Cine Doré,¡Olvídate de mí!,https://entradasfilmoteca.sacatuentrada.es/es/productos/descripcion/olvidate-de-mi,"[{'timestamp': '2026-02-14 19:00', 'location': 'Cine Doré'}]",Michel Gondry,2004,https://letterboxd.com/film/eternal-sunshine-of-the-spotless-mind/,4.2,
Cine Doré,Las uvas de la ira,https://entradasfilmoteca.sacatuentrada.es/es/productos/descripcion/las-uvas-de-la-ira,"[{'timestamp': '2026-02-15 19:00', 'location': 'Cine Doré'}]",John Ford,1940,https://letterboxd.com/film/the-grapes-of-wrath/,4.2,
Cineteca Madrid,Cría cuervos,https://www.cinetecamadrid.com/programacion/cria-cuervos,"[{'timestamp': '2026-02-04 20:00', 'location': 'Cineteca Madrid'}]",Carlos Saura,1975,https://letterboxd.com/film/cria/,4.2,
Cines Renoir,Marty Supreme,https://www.cinesrenoir.com/pelicula/marty-supreme/,"[{'location': 'Retiro', 'timestamp': '2026-02-06 16:00'}, {'location': 'Princesa', 'timestamp': '2026-02-06 16:10'}, {'location': 'Princesa', 'timestamp': '2026-02-06 18:00'}, {'location': 'Retiro', 'timestamp': '2026-02-06 19:00'}, {'location': 'Princesa', 'timestamp': '2026-02-06 19:00'}, {'location': 'Retiro', 'timestamp': '2026-02-06 20:30'}, {'location': 'Princesa', 'timestamp': '2026-02-06 20:45'}, {'location': 'Retiro', 'timestamp': '2026-02-06 21:45'}, {'location': 'Princesa', 'timestamp': '2026-02-06 21:50'}, {'location': 'Retiro', 'timestamp': '2026-02-07 16:00'}, {'location': 'Princesa', 'timestamp': '2026-02-07 16:10'}, {'location': 'Princesa', 'timestamp': '2026-02-07 18:00'}, {'location': 'Retiro', 'timestamp': '2026-02-07 19:00'}, {'location': 'Princesa', 'timestamp': '2026-02-07 19:00'}, {'location': 'Retiro', 'timestamp': '2026-02-07 20:30'}, {'location': 'Princesa', 'timestamp': '2026-02-07 20:45'}, {'location': 'Retiro', 'timestamp': '2026-02-07 21:45'}, {'location': 'Princesa', 'timestamp': '2026-02-07 21:50'}, {'location': 'Retiro', 'timestamp': '2026-02-08 16:00'}, {'location': 'Princesa', 'timestamp': '2026-02-08 16:10'}, {'location': 'Princesa', 'timestamp': '2026-02-08 18:00'}, {'location': 'Retiro', 'timestamp': '2026-02-08 19:00'}, {'location': 'Princesa', 'timestamp': '2026-02-08 19:00'}, {'location': 'Retiro', 'timestamp': '2026-02-08 20:30'}, {'location': 'Princesa', 'timestamp': '2026-02-08 20:45'}, {'location': 'Retiro', 'timestamp': '2026-02-08 21:45'}, {'location': 'Princesa', 'timestamp': '2026-02-08 21:50'}, {'location': 'Retiro', 'timestamp': '2026-02-09 16:00'}, {'location': 'Princesa', 'timestamp': '2026-02-09 16:10'}, {'location': 'Princesa', 'timestamp': '2026-02-09 18:00'}, {'location': 'Retiro', 'timestamp': '2026-02-09 19:00'}, {'location': 'Princesa', 'timestamp': '2026-02-09 19:00'}, {'location': 'Retiro', 'timestamp': '2026-02-09 20:30'}, {'location': 'Princesa', 'timestamp': '2026-02-09 20:45'}, {'location': 'Retiro', 'timestamp': '2026-02-09 21:45'}, {'location': 'Princesa', 'timestamp': '2026-02-09 21:50'}, {'location': 'Retiro', 'timestamp': '2026-02-10 16:00'}, {'location': 'Princesa', 'timestamp': '2026-02-10 16:10'}, {'location': 'Princesa', 'timestamp': '2026-02-10 18:00'}, {'location': 'Retiro', 'timestamp': '2026-02-10 19:00'}, {'location': 'Princesa', 'timestamp': '2026-02-10 19:00'}, {'location': 'Retiro', 'timestamp': '2026-02-10 20:30'}, {'location': 'Princesa', 'timestamp': '2026-02-10 20:45'}, {'location': 'Retiro', 'timestamp': '2026-02-10 21:45'}, {'location': 'Princesa', 'timestamp': '2026-02-10 21:50'}, {'location': 'Retiro', 'timestamp': '2026-02-11 16:00'}, {'location': 'Princesa', 'timestamp': '2026-02-11 16:10'}, {'location': 'Princesa', 'timestamp': '2026-02-11 18:00'}, {'location': 'Retiro', 'timestamp': '2026-02-11 19:00'}, {'location': 'Princesa', 'timestamp': '2026-02-11 19:00'}, {'location': 'Retiro', 'timestamp': '2026-02-11 20:30'}, {'location': 'Princesa', 'timestamp': '2026-02-11 20:45'}, {'location': 'Retiro', 'timestamp': '2026-02-11 21:45'}, {'location': 'Princesa', 'timestamp': '2026-02-11 21:50'}]",Josh Safdie,2025,https://letterboxd.com/film/marty-supreme/,4.2,
Cines Renoir,Hamnet,https://www.cinesrenoir.com/pelicula/hamnet/,"[{'location': 'Princesa', 'timestamp': '2026-02-06 16:00'}, {'location': 'Retiro', 'timestamp': '2026-02-06 16:00'}, {'location': 'Princesa', 'timestamp': '2026-02-06 17:55'}, {'location': 'Retiro', 'timestamp': '2026-02-06 18:00'}, {'location': 'Princesa', 'timestamp': '2026-02-06 19:15'}, {'location': 'Princesa', 'timestamp': '2026-02-06 20:15'}, {'location': 'Retiro', 'timestamp': '2026-02-06 20:20'}, {'location': 'Princesa', 'timestamp': '2026-02-06 22:10'}, {'location': 'Retiro', 'timestamp': '2026-02-06 22:40'}, {'location': 'Princesa', 'timestamp': '2026-02-07 16:00'}, {'location': 'Retiro', 'timestamp': '2026-02-07 16:00'}, {'location': 'Princesa', 'timestamp': '2026-02-07 17:55'}, {'location': 'Retiro', 'timestamp': '2026-02-07 18:00'}, {'location': 'Princesa', 'timestamp': '2026-02-07 19:15'}, {'location': 'Princesa', 'timestamp': '2026-02-07 20:15'}, {'location': 'Retiro', 'timestamp': '2026-02-07 20:20'}, {'location': 'Princesa', 'timestamp': '2026-02-07 22:10'}, {'location': 'Retiro', 'timestamp': '2026-02-07 22:40'}, {'location': 'Princesa', 'timestamp': '2026-02-08 16:00'}, {'location': 'Retiro', 'timestamp': '2026-02-08 16:00'}, {'location': 'Princesa', 'timestamp': '2026-02-08 17:55'}, {'location': 'Retiro', 'timestamp': '2026-02-08 18:00'}, {'location': 'Princesa', 'timestamp': '2026-02-08 19:15'}, {'location': 'Princesa', 'timestamp': '2026-02-08 20:15'}, {'location': 'Retiro', 'timestamp': '2026-02-08 20:20'}, {'location': 'Princesa', 'timestamp': '2026-02-08 22:10'}, {'location': 'Retiro', 'timestamp': '2026-02-08 22:40'}, {'location': 'Retiro', 'timestamp': '2026-02-09 16:00'}, {'location': 'Princesa', 'timestamp': '2026-02-09 16:00'}, {'location': 'Princesa', 'timestamp': '2026-02-09 17:55'}, {'location': 'Retiro', 'timestamp': '2026-02-09 18:00'}, {'location': 'Princesa', 'timestamp': '2026-02-09 19:15'}, {'location': 'Princesa', 'timestamp': '2026-02-09 20:15'}, {'location': 'Retiro', 'timestamp': '2026-02-09 20:20'}, {'location': 'Princesa', 'timestamp': '2026-02-09 22:10'}, {'location': 'Retiro', 'timestamp': '2026-02-09 22:40'}, {'location': 'Princesa', 'timestamp': '2026-02-10 16:00'}, {'location': 'Retiro', 'timestamp': '2026-02-10 16:00'}, {'location': 'Princesa', 'timestamp': '2026-02-10 17:55'}, {'location': 'Retiro', 'timestamp': '2026-02-10 18:00'}, {'location': 'Princesa', 'timestamp': '2026-02-10 19:15'}, {'location': 'Princesa', 'timestamp': '2026-02-10 20:15'}, {'location': 'Retiro', 'timestamp': '2026-02-10 20:20'}, {'location': 'Princesa', 'timestamp': '2026-02-10 22:10'}, {'location': 'Retiro', 'timestamp': '2026-02-10 22:40'}, {'location': 'Retiro', 'timestamp': '2026-02-11 16:00'}, {'location': 'Princesa', 'timestamp': '2026-02-11 16:00'}, {'location': 'Princesa', 'timestamp': '2026-02-11 17:55'}, {'location': 'Retiro', 'timestamp': '2026-02-11 18:00'}, {'location': 'Princesa', 'timestamp': '2026-02-11 19:15'}, {'location': 'Princesa', 'timestamp': '2026-02-11 20:15'}, {'location': 'Retiro', 'timestamp': '2026-02-11 20:20'}, {'location': 'Princesa', 'timestamp': '2026-02-11 22:10'}, {'location': 'Retiro', 'timestamp': '2026-02-11 22:40'}]",Chloé Zhao,2025,https://letterboxd.com/film/hamnet/,4.2,
Cines Renoir,Ciudadano Kane,https://www.cinesrenoir.com/pelicula/ciudadano-kane-wilder-cinema/,"[{'timestamp': '2026-02-10 20:00', 'location': 'Princesa'}]",Orson Welles,1941,https://letterboxd.com/film/citizen-kane/,4.2,
Cines Renoir,Una Batalla Tras Otra,https://www.cinesrenoir.com/pelicula/una-batalla-tras-otra/,"[{'location': 'Princesa', 'timestamp': '2026-02-06 21:40'}, {'location': 'Princesa', 'timestamp': '2026-02-07 21:40'}, {'location': 'Princesa', 'timestamp': '2026-02-08 21:40'}, {'location': 'Princesa', 'timestamp': '2026-02-09 21:40'}, {'location': 'Princesa', 'timestamp': '2026-02-10 21:40'}, {'location': 'Princesa', 'timestamp': '2026-02-11 21:40'}]",Paul Thomas Anderson,2025,https://letterboxd.com/film/one-battle-after-another/,4.2,
Cines Renoir,Valor Sentimental,https://www.cinesrenoir.com/pelicula/valor-sentimental/,"[{'location': 'Princesa', 'timestamp': '2026-02-06 16:10'}, {'location': 'Princesa', 'timestamp': '2026-02-06 19:20'}, {'location': 'Princesa', 'timestamp': '2026-02-06 21:50'}, {'location': 'Princesa', 'timestamp': '2026-02-07 16:10'}, {'location': 'Princesa', 'timestamp': '2026-02-07 19:20'}, {'location': 'Princesa', 'timestamp': '2026-02-07 21:50'}, {'location': 'Princesa', 'timestamp': '2026-02-08 16:10'}, {'location': 'Princesa', 'timestamp': '2026-02-08 19:20'}, {'location': 'Princesa', 'timestamp': '2026-02-08 21:50'}, {'location': 'Princesa', 'timestamp': '2026-02-09 16:10'}, {'location': 'Princesa', 'timestamp': '2026-02-09 19:20'}, {'location': 'Princesa', 'timestamp': '2026-02-09 21:50'}, {'location': 'Princesa', 'timestamp': '2026-02-10 16:10'}, {'location': 'Princesa', 'timestamp': '2026-02-10 19:20'}, {'location': 'Princesa', 'timestamp': '2026-02-10 21:50'}, {'location': 'Princesa', 'timestamp': '2026-02-11 16:10'}, {'location': 'Princesa', 'timestamp': '2026-02-11 19:20'}, {'location': 'Princesa', 'timestamp': '2026-02-11 21:50'}]",Joachim Trier,2025,https://letterboxd.com/film/sentimental-value-2025/,4.2,
Cine Doré,El tren,https://entradasfilmoteca.sacatuentrada.es/es/productos/descripcion/el-tren-1,"[{'timestamp': '2026-02-21 19:00', 'location': 'Cine Doré'}]",John Frankenheimer,1964,https://letterboxd.com/film/the-train/,4.1,
Cineteca Madrid,Alice,https://www.cinetecamadrid.com/programacion/alice,"[{'timestamp': '2026-02-15 12:00', 'location': 'Cineteca Madrid'}]",Jan Švankmajer,1988,https://letterboxd.com/film/alice-1988/,4.0,
Cine Doré,El eclipse,https://entradasfilmoteca.sacatuentrada.es/es/productos/descripcion/el-eclipse,"[{'timestamp': '2026-02-10 19:00', 'location': 'Cine Doré'}]",Michelangelo Antonioni,1962,https://letterboxd.com/film/leclisse/,4.0,
Cine Doré,El fantasma de la libertad,https://entradasfilmoteca.sacatuentrada.es/es/productos/descripcion/el-fantasma-de-la-libertad,"[{'timestamp': '2026-02-13 19:00', 'location': 'Cine Doré'}]",Luis Buñuel,1974,https://letterboxd.com/film/the-phantom-of-liberty/,4.0,
Cineteca Madrid,Historias de Filadelfia,https://www.cinetecamadrid.com/programacion/historias-de-filadelfia,"[{'timestamp': '2026-02-13 20:00', 'location': 'Cineteca Madrid'}]",George Cukor,1940,https://letterboxd.com/film/the-philadelphia-story/,4.0,
Cines Renoir,Arco,https://www.cinesrenoir.com/pelicula/arco/,"[{'location': 'Plaza de España', 'timestamp': '2026-02-06 16:00'}, {'location': 'Plaza de España', 'timestamp': '2026-02-06 17:50'}, {'location': 'Plaza de España', 'timestamp': '2026-02-07 16:00'}, {'location': 'Plaza de España', 'timestamp': '2026-02-07 17:50'}, {'location': 'Plaza de España', 'timestamp': '2026-02-08 16:00'}, {'location': 'Plaza de España', 'timestamp': '2026-02-08 17:50'}, {'location': 'Plaza de España', 'timestamp': '2026-02-09 16:00'}, {'location': 'Plaza de España', 'timestamp': '2026-02-09 17:50'}, {'location': 'Plaza de España', 'timestamp': '2026-02-10 16:00'}, {'location': 'Plaza de España', 'timestamp': '2026-02-10 17:50'}, {'location': 'Plaza de España', 'timestamp': '2026-02-11 16:00'}, {'location': 'Plaza de España', 'timestamp': '2026-02-11 17:50'}]",Ugo Bienvenu,2025,https://letterboxd.com/film/arco/,4.0,
Cine Doré,Los santos inocentes,https://entradasfilmoteca.sacatuentrada.es/es/productos/descripcion/los-santos-inocentes-6,"[{'timestamp': '2026-02-20 19:00', 'location': 'Cine Doré'}]",Mario Camus,1984,https://letterboxd.com/film/the-holy-innocents/,4.0,
Cine Doré,Bacurau,https://entradasfilmoteca.sacatuentrada.es/es/productos/descripcion/bacurau,"[{'timestamp': '2026-02-28 19:00', 'location': 'Cine Doré'}]",Kleber Mendonça Filho y Juliano Dornelles,2019,https://letterboxd.com/film/bacurau/,3.9,
Cines Renoir,Bugonia,https://www.cinesrenoir.com/pelicula/bugonia/,"[{'location': 'Princesa', 'timestamp': '2026-02-06 22:30'}, {'location': 'Princesa', 'timestamp': '2026-02-07 22:30'}, {'location': 'Princesa', 'timestamp': '2026-02-08 22:30'}, {'location': 'Princesa', 'timestamp': '2026-02-09 22:30'}, {'location': 'Princesa', 'timestamp': '2026-02-10 22:30'}, {'location': 'Princesa', 'timestamp': '2026-02-11 22:30'}]",Yorgos Lanthimos,2025,https://letterboxd.com/film/bugonia/,3.9,
Cineteca Madrid,Vampiresas 1933,https://www.cinetecamadrid.com/programacion/vampiresas-1933,"[{'timestamp': '2026-02-10 20:00', 'location': 'Cineteca Madrid'}]",Mervyn LeRoy,1933,https://letterboxd.com/film/gold-diggers-of-1933/,3.9,
Cineteca Madrid,"Conferencia de Ernesto Castro + Amanece, que no es poco",https://www.cinetecamadrid.com/programacion/conferencia-de-ernesto-castro-amanece-que-no-es-poco,"[{'timestamp': '2026-02-20 19:00', 'location': 'Cineteca Madrid'}]",José Luis Cuerda,1989,https://letterboxd.com/film/dawn-breaks-which-is-no-small-thing/,3.9,
Cineteca Madrid,Tren de sombras (El espectro de Le Thuit),https://www.cinetecamadrid.com/programacion/tren-de-sombras-el-espectro-de-le-thuit,"[{'timestamp': '2026-02-12 19:30', 'location': 'Cineteca Madrid'}]",José Luis Guerin,1997,https://letterboxd.com/film/train-of-shadows/,3.9,
Cine Doré,El Havre,https://entradasfilmoteca.sacatuentrada.es/es/productos/descripcion/el-havre,"[{'timestamp': '2026-02-07 19:00', 'location': 'Cine Doré'}]",Aki Kaurismäki,2011,https://letterboxd.com/film/le-havre/,3.9,
Cines Renoir,La Chica Zurda,https://www.cinesrenoir.com/pelicula/la-chica-zurda/,"[{'location': 'Plaza de España', 'timestamp': '2026-02-06 16:00'}, {'location': 'Plaza de España', 'timestamp': '2026-02-06 18:05'}, {'location': 'Plaza de España', 'timestamp': '2026-02-06 20:10'}, {'location': 'Plaza de España', 'timestamp': '2026-02-06 22:15'}, {'location': 'Plaza de España', 'timestamp': '2026-02-07 16:00'}, {'location': 'Plaza de España', 'timestamp': '2026-02-07 18:05'}, {'location': 'Plaza de España', 'timestamp': '2026-02-07 20:10'}, {'location': 'Plaza de España', 'timestamp': '2026-02-07 22:15'}, {'location': 'Plaza de España', 'timestamp': '2026-02-08 16:00'}, {'location': 'Plaza de España', 'timestamp': '2026-02-08 18:05'}, {'location': 'Plaza de España', 'timestamp': '2026-02-08 20:10'}, {'location': 'Plaza de España', 'timestamp': '2026-02-08 22:15'}, {'location': 'Plaza de España', 'timestamp': '2026-02-09 16:00'}, {'location': 'Plaza de España', 'timestamp': '2026-02-09 18:05'}, {'location': 'Plaza de España', 'timestamp': '2026-02-09 20:10'}, {'location': 'Plaza de España', 'timestamp': '2026-02-09 22:15'}, {'location': 'Plaza de España', 'timestamp': '2026-02-10 16:00'}, {'location': 'Plaza de España', 'timestamp': '2026-02-10 18:05'}, {'location': 'Plaza de España', 'timestamp': '2026-02-10 20:10'}, {'location': 'Plaza de España', 'timestamp': '2026-02-10 22:15'}, {'location': 'Plaza de España', 'timestamp': '2026-02-11 16:00'}, {'location': 'Plaza de España', 'timestamp': '2026-02-11 18:05'}, {'location': 'Plaza de España', 'timestamp': '2026-02-11 20:10'}, {'location': 'Plaza de España', 'timestamp': '2026-02-11 22:15'}]",Shih-Ching Tsou,2025,https://letterboxd.com/film/left-handed-girl/,3.9,
Cines Renoir,La Tarta Del Presidente,https://www.cinesrenoir.com/pelicula/la-tarta-del-presidente/,"[{'location': 'Plaza de España', 'timestamp': '2026-02-06 16:00'}, {'location': 'Plaza de España', 'timestamp': '2026-02-06 18:00'}, {'location': 'Plaza de España', 'timestamp': '2026-02-06 20:00'}, {'location': 'Plaza de España', 'timestamp': '2026-02-06 22:00'}, {'location': 'Plaza de España', 'timestamp': '2026-02-07 16:00'}, {'location': 'Plaza de España', 'timestamp': '2026-02-07 18:00'}, {'location': 'Plaza de España', 'timestamp': '2026-02-07 20:00'}, {'location': 'Plaza de España', 'timestamp': '2026-02-07 22:00'}, {'location': 'Plaza de España', 'timestamp': '2026-02-08 16:00'}, {'location': 'Plaza de España', 'timestamp': '2026-02-08 18:00'}, {'location': 'Plaza de España', 'timestamp': '2026-02-08 20:00'}, {'location': 'Plaza de España', 'timestamp': '2026-02-08 22:00'}, {'location': 'Plaza de España', 'timestamp': '2026-02-09 16:00'}, {'location': 'Plaza de España', 'timestamp': '2026-02-09 18:00'}, {'location': 'Plaza de España', 'timestamp': '2026-02-09 20:00'}, {'location': 'Plaza de España', 'timestamp': '2026-02-09 22:00'}, {'location': 'Plaza de España', 'timestamp': '2026-02-10 16:00'}, {'location': 'Plaza de España', 'timestamp': '2026-02-10 18:00'}, {'location': 'Plaza de España', 'timestamp': '2026-02-10 20:00'}, {'location': 'Plaza de España', 'timestamp': '2026-02-10 22:00'}, {'location': 'Plaza de España', 'timestamp': '2026-02-11 16:00'}, {'location': 'Plaza de España', 'timestamp': '2026-02-11 18:00'}, {'location': 'Plaza de España', 'timestamp': '2026-02-11 20:00'}, {'location': 'Plaza de España', 'timestamp': '2026-02-11 22:00'}]",Hasan Hadi,2025,https://letterboxd.com/film/the-presidents-cake/,3.9,
Cines Renoir,Rental Family,https://www.cinesrenoir.com/pelicula/rental-family-familia-de-alquiler/,"[{'location': 'Princesa', 'timestamp': '2026-02-06 16:00'}, {'location': 'Princesa', 'timestamp': '2026-02-06 18:15'}, {'location': 'Retiro', 'timestamp': '2026-02-06 18:30'}, {'location': 'Princesa', 'timestamp': '2026-02-07 16:00'}, {'location': 'Princesa', 'timestamp': '2026-02-07 18:15'}, {'location': 'Retiro', 'timestamp': '2026-02-07 18:30'}, {'location': 'Princesa', 'timestamp': '2026-02-08 16:00'}, {'location': 'Princesa', 'timestamp': '2026-02-08 18:15'}, {'location': 'Retiro', 'timestamp': '2026-02-08 18:30'}, {'location': 'Princesa', 'timestamp': '2026-02-09 16:00'}, {'location': 'Princesa', 'timestamp': '2026-02-09 18:15'}, {'location': 'Retiro', 'timestamp': '2026-02-09 18:30'}, {'location': 'Princesa', 'timestamp': '2026-02-10 16:00'}, {'location': 'Princesa', 'timestamp': '2026-02-10 18:15'}, {'location': 'Retiro', 'timestamp': '2026-02-10 18:30'}, {'location': 'Princesa', 'timestamp': '2026-02-11 16:00'}, {'location': 'Princesa', 'timestamp': '2026-02-11 18:15'}, {'location': 'Retiro', 'timestamp': '2026-02-11 18:30'}]",Mitsuyo Miyazaki,2025,https://letterboxd.com/film/rental-family-2025/,3.9,
Cines Renoir,Los Domingos,https://www.cinesrenoir.com/pelicula/los-domingos/,"[{'location': 'Princesa', 'timestamp': '2026-02-06 16:00'}, {'location': 'Princesa', 'timestamp': '2026-02-06 17:55'}, {'location': 'Princesa', 'timestamp': '2026-02-06 20:10'}, {'location': 'Princesa', 'timestamp': '2026-02-06 22:25'}, {'location': 'Princesa', 'timestamp': '2026-02-07 16:00'}, {'location': 'Princesa', 'timestamp': '2026-02-07 17:55'}, {'location': 'Princesa', 'timestamp': '2026-02-07 20:10'}, {'location': 'Princesa', 'timestamp': '2026-02-07 22:25'}, {'location': 'Princesa', 'timestamp': '2026-02-08 16:00'}, {'location': 'Princesa', 'timestamp': '2026-02-08 17:55'}, {'location': 'Princesa', 'timestamp': '2026-02-08 20:10'}, {'location': 'Princesa', 'timestamp': '2026-02-08 22:25'}, {'location': 'Princesa', 'timestamp': '2026-02-09 16:00'}, {'location': 'Princesa', 'timestamp': '2026-02-09 17:55'}, {'location': 'Princesa', 'timestamp': '2026-02-09 20:10'}, {'location': 'Princesa', 'timestamp': '2026-02-09 22:25'}, {'location': 'Princesa', 'timestamp': '2026-02-10 16:00'}, {'location': 'Princesa', 'timestamp': '2026-02-10 17:55'}, {'location': 'Princesa', 'timestamp': '2026-02-10 22:25'}, {'location': 'Princesa', 'timestamp': '2026-02-11 16:00'}, {'location': 'Princesa', 'timestamp': '2026-02-11 17:55'}, {'location': 'Princesa', 'timestamp': '2026-02-11 20:10'}, {'location': 'Princesa', 'timestamp': '2026-02-11 22:25'}]",Alauda Ruiz De Azúa,2025,https://letterboxd.com/film/sundays-2025/,3.9,
Cineteca Madrid,En la ciudad de Sylvia,https://www.cinetecamadrid.com/programacion/en-la-ciudad-de-sylvia,"[{'timestamp': '2026-02-17 18:30', 'location': 'Cineteca Madrid'}]",José Luis Guerin,2007,https://letterboxd.com/film/in-the-city-of-sylvia/,3.8,
Cineteca Madrid,Historias del buen valle,https://www.cinetecamadrid.com/programacion/historias-del-buen-valle,"[{'timestamp': '2026-02-10 19:00', 'location': 'Cineteca Madrid'}]",José Luis Guerin,2025,https://letterboxd.com/film/good-valley-stories/,3.8,
Cineteca Madrid,Alicia en el país de las maravillas (1951),https://www.cinetecamadrid.com/programacion/alicia-en-el-pais-de-las-maravillas-1951,"[{'timestamp': '2026-02-01 12:00', 'location': 'Cineteca Madrid'}]","Clyde Geronimi, Hamilton Luske, Wilfred Jackson",1951,https://letterboxd.com/film/alice-in-wonderland-1951/,3.8,
Cineteca Madrid,Mermaid Legend,https://www.cinetecamadrid.com/programacion/mermaid-legend,"[{'timestamp': '2026-02-24 20:00', 'location': 'Cineteca Madrid'}]",Toshiharu Ikeda,1984,https://letterboxd.com/film/mermaid-legend/,3.8,
Cine Doré,El círculo,https://entradasfilmoteca.sacatuentrada.es/es/productos/descripcion/el-circulo-2,"[{'timestamp': '2026-02-04 19:00', 'location': 'Cine Doré'}]",Jafar Panahi,2000,https://letterboxd.com/film/the-circle/,3.8,
Cineteca Madrid,The Crazy Family,https://www.cinetecamadrid.com/programacion/crazy-family,"[{'timestamp': '2026-02-28 20:00', 'location': 'Cineteca Madrid'}]",Gakuryu Ishii,1984,https://letterboxd.com/film/the-crazy-family/,3.8,
Cineteca Madrid,La felicidad,https://www.cinetecamadrid.com/programacion/la-felicidad,"[{'timestamp': '2026-02-12 20:00', 'location': 'Cineteca Madrid'}]",Aleksandr Medvedkin,1935,https://letterboxd.com/film/happiness-1935/,3.8,
Cine Doré,El crimen del Sr. Lange,https://entradasfilmoteca.sacatuentrada.es/es/productos/descripcion/el-crimen-del-sr-lange,"[{'timestamp': '2026-02-08 19:00', 'location': 'Cine Doré'}]",Jean Renoir,1936,https://letterboxd.com/film/the-crime-of-monsieur-lange/,3.7,
Cineteca Madrid,An Honest Liar,https://www.cinetecamadrid.com/programacion/honest-liar,"[{'timestamp': '2026-02-06 19:00', 'location': 'Cineteca Madrid'}]","Tyler Measom, Justin Weinstein",2014,https://letterboxd.com/film/an-honest-liar/,3.7,
Cine Doré,El globo atado,https://entradasfilmoteca.sacatuentrada.es/es/productos/descripcion/el-globo-atado,"[{'timestamp': '2026-02-27 19:00', 'location': 'Cine Doré'}]",Binka Zhelyazkova,1967,https://letterboxd.com/film/the-tied-up-balloon/,3.7,
Cine Doré,El pan nuestro de cada día,https://entradasfilmoteca.sacatuentrada.es/es/productos/descripcion/el-pan-nuestro-de-cada-dia,"[{'timestamp': '2026-02-25 19:00', 'location': 'Cine Doré'}]",King Vidor,1934,https://letterboxd.com/film/our-daily-bread-1934/,3.7,
Cine Doré,Dodes'ka-den,https://entradasfilmoteca.sacatuentrada.es/es/productos/descripcion/dodes-ka-den,"[{'timestamp': '2026-02-18 19:00', 'location': 'Cine Doré'}]",Akira Kurosawa,1970,https://letterboxd.com/film/dodeska-den/,3.7,
Cines Renoir,Rondallas,https://www.cinesrenoir.com/pelicula/rondallas/,"[{'location': 'Plaza de España', 'timestamp': '2026-02-06 16:00'}, {'location': 'Retiro', 'timestamp': '2026-02-06 16:00'}, {'location': 'Plaza de España', 'timestamp': '2026-02-06 18:10'}, {'location': 'Plaza de España', 'timestamp': '2026-02-06 20:20'}, {'location': 'Plaza de España', 'timestamp': '2026-02-06 22:30'}, {'location': 'Retiro', 'timestamp': '2026-02-07 16:00'}, {'location': 'Plaza de España', 'timestamp': '2026-02-07 16:00'}, {'location': 'Plaza de España', 'timestamp': '2026-02-07 18:10'}, {'location': 'Plaza de España', 'timestamp': '2026-02-07 20:20'}, {'location': 'Plaza de España', 'timestamp': '2026-02-07 22:30'}, {'location': 'Plaza de España', 'timestamp': '2026-02-08 16:00'}, {'location': 'Retiro', 'timestamp': '2026-02-08 16:00'}, {'location': 'Plaza de España', 'timestamp': '2026-02-08 18:10'}, {'location': 'Plaza de España', 'timestamp': '2026-02-08 20:20'}, {'location': 'Plaza de España', 'timestamp': '2026-02-08 22:30'}, {'location': 'Plaza de España', 'timestamp': '2026-02-09 16:00'}, {'location': 'Retiro', 'timestamp': '2026-02-09 16:00'}, {'location': 'Plaza de España', 'timestamp': '2026-02-09 18:10'}, {'location': 'Plaza de España', 'timestamp': '2026-02-09 20:20'}, {'location': 'Plaza de España', 'timestamp': '2026-02-09 22:30'}, {'location': 'Plaza de España', 'timestamp': '2026-02-10 16:00'}, {'location': 'Retiro', 'timestamp': '2026-02-10 16:00'}, {'location': 'Plaza de España', 'timestamp': '2026-02-10 18:10'}, {'location': 'Plaza de España', 'timestamp': '2026-02-10 20:20'}, {'location': 'Plaza de España', 'timestamp': '2026-02-10 22:30'}, {'location': 'Plaza de España', 'timestamp': '2026-02-11 16:00'}, {'location': 'Retiro', 'timestamp': '2026-02-11 16:00'}, {'location': 'Plaza de España', 'timestamp': '2026-02-11 18:10'}, {'location': 'Plaza de España', 'timestamp': '2026-02-11 20:20'}, {'location': 'Plaza de España', 'timestamp': '2026-02-11 22:30'}]",Daniel Sánchez Arévalo,2025,https://letterboxd.com/film/band-together-2025/,3.7,
Cineteca Madrid,Correspondencias Jonas Mekas – J.L. Guerin,https://www.cinetecamadrid.com/programacion/correspondencias-jonas-mekas-jl-guerin,"[{'timestamp': '2026-02-19 19:30', 'location': 'Cineteca Madrid'}]","Jonas Mekas, José Luis Guerin",2011,https://letterboxd.com/film/cinematic-correspondences-jonas-mekas-jl-guerin/,3.7,
Cineteca Madrid,En construcción,https://www.cinetecamadrid.com/programacion/en-construccion,"[{'timestamp': '2026-02-15 19:30', 'location': 'Cineteca Madrid'}]",José Luis Guerin,2000,https://letterboxd.com/film/work-in-progress/,3.7,
Cines Renoir,Nouvelle Vague,https://www.cinesrenoir.com/pelicula/nouvelle-vague/,"[{'location': 'Plaza de España', 'timestamp': '2026-02-06 16:00'}, {'location': 'Plaza de España', 'timestamp': '2026-02-06 20:20'}, {'location': 'Plaza de España', 'timestamp': '2026-02-07 16:00'}, {'location': 'Plaza de España', 'timestamp': '2026-02-07 20:20'}, {'location': 'Plaza de España', 'timestamp': '2026-02-08 16:00'}, {'location': 'Plaza de España', 'timestamp': '2026-02-08 20:20'}, {'location': 'Plaza de España', 'timestamp': '2026-02-09 16:00'}, {'location': 'Plaza de España', 'timestamp': '2026-02-09 20:20'}, {'location': 'Plaza de España', 'timestamp': '2026-02-10 16:00'}, {'location': 'Plaza de España', 'timestamp': '2026-02-10 20:20'}, {'location': 'Plaza de España', 'timestamp': '2026-02-11 16:00'}, {'location': 'Plaza de España', 'timestamp': '2026-02-11 20:20'}]",Richard Linklater,2025,https://letterboxd.com/film/nouvelle-vague-2025/,3.7,
Cineteca Madrid,Privilege,https://www.cinetecamadrid.com/programacion/privilege-0,"[{'timestamp': '2026-02-18 19:30', 'location': 'Cineteca Madrid'}]",Yvonne Rainer,1990,https://letterboxd.com/film/privilege-1990/,3.7,
Cineteca Madrid,Unas fotos en la ciudad de Sylvia,https://www.cinetecamadrid.com/programacion/unas-fotos-en-la-ciudad-de-sylvia,"[{'timestamp': '2026-02-18 19:30', 'location': 'Cineteca Madrid'}]",José Luis Guerin,2007,https://letterboxd.com/film/some-photos-in-the-city-of-sylvia/,3.6,
Cines Renoir,Tres Adioses,https://www.cinesrenoir.com/pelicula/tres-adioses/,"[{'location': 'Princesa', 'timestamp': '2026-02-06 16:00'}, {'location': 'Retiro', 'timestamp': '2026-02-06 16:00'}, {'location': 'Princesa', 'timestamp': '2026-02-06 18:05'}, {'location': 'Retiro', 'timestamp': '2026-02-06 18:15'}, {'location': 'Princesa', 'timestamp': '2026-02-06 20:25'}, {'location': 'Retiro', 'timestamp': '2026-02-06 20:30'}, {'location': 'Princesa', 'timestamp': '2026-02-06 22:35'}, {'location': 'Retiro', 'timestamp': '2026-02-06 22:45'}, {'location': 'Princesa', 'timestamp': '2026-02-07 16:00'}, {'location': 'Retiro', 'timestamp': '2026-02-07 16:00'}, {'location': 'Princesa', 'timestamp': '2026-02-07 18:05'}, {'location': 'Retiro', 'timestamp': '2026-02-07 18:15'}, {'location': 'Princesa', 'timestamp': '2026-02-07 20:25'}, {'location': 'Retiro', 'timestamp': '2026-02-07 20:30'}, {'location': 'Princesa', 'timestamp': '2026-02-07 22:35'}, {'location': 'Retiro', 'timestamp': '2026-02-07 22:45'}, {'location': 'Princesa', 'timestamp': '2026-02-08 16:00'}, {'location': 'Retiro', 'timestamp': '2026-02-08 16:00'}, {'location': 'Princesa', 'timestamp': '2026-02-08 18:05'}, {'location': 'Retiro', 'timestamp': '2026-02-08 18:15'}, {'location': 'Princesa', 'timestamp': '2026-02-08 20:25'}, {'location': 'Retiro', 'timestamp': '2026-02-08 20:30'}, {'location': 'Princesa', 'timestamp': '2026-02-08 22:35'}, {'location': 'Retiro', 'timestamp': '2026-02-08 22:45'}, {'location': 'Retiro', 'timestamp': '2026-02-09 16:00'}, {'location': 'Princesa', 'timestamp': '2026-02-09 16:00'}, {'location': 'Princesa', 'timestamp': '2026-02-09 18:05'}, {'location': 'Retiro', 'timestamp': '2026-02-09 18:15'}, {'location': 'Princesa', 'timestamp': '2026-02-09 20:25'}, {'location': 'Retiro', 'timestamp': '2026-02-09 20:30'}, {'location': 'Princesa', 'timestamp': '2026-02-09 22:35'}, {'location': 'Retiro', 'timestamp': '2026-02-09 22:45'}, {'location': 'Princesa', 'timestamp': '2026-02-10 16:00'}, {'location': 'Retiro', 'timestamp': '2026-02-10 16:00'}, {'location': 'Princesa', 'timestamp': '2026-02-10 18:05'}, {'location': 'Retiro', 'timestamp': '2026-02-10 18:15'}, {'location': 'Princesa', 'timestamp': '2026-02-10 20:25'}, {'location': 'Retiro', 'timestamp': '2026-02-10 20:30'}, {'location': 'Princesa', 'timestamp': '2026-02-10 22:35'}, {'location': 'Retiro', 'timestamp': '2026-02-10 22:45'}, {'location': 'Retiro', 'timestamp': '2026-02-11 16:00'}, {'location': 'Princesa', 'timestamp': '2026-02-11 16:00'}, {'location': 'Princesa', 'timestamp': '2026-02-11 18:05'}, {'location': 'Retiro', 'timestamp': '2026-02-11 18:15'}, {'location': 'Princesa', 'timestamp': '2026-02-11 20:25'}, {'location': 'Retiro', 'timestamp': '2026-02-11 20:30'}, {'location': 'Princesa', 'timestamp': '2026-02-11 22:35'}, {'location': 'Retiro', 'timestamp': '2026-02-11 22:45'}]",Isabel Coixet,2025,https://letterboxd.com/film/three-goodbyes/,3.6,
Cineteca Madrid,Innisfree,https://www.cinetecamadrid.com/programacion/innisfree,"[{'timestamp': '2026-02-04 19:30', 'location': 'Cineteca Madrid'}]",José Luis Guerin,1990,https://letterboxd.com/film/innisfree/,3.6,
Cine Doré,Macunaíma,https://entradasfilmoteca.sacatuentrada.es/es/productos/descripcion/macunaima,"[{'timestamp': '2026-02-19 19:00', 'location': 'Cine Doré'}]",Joaquim Pedro de Andrade,1969,https://letterboxd.com/film/macunaima/,3.6,
Cineteca Madrid,Los motivos de Berta,https://www.cinetecamadrid.com/programacion/los-motivos-de-berta,"[{'timestamp': '2026-02-01 19:30', 'location': 'Cineteca Madrid'}]",José Luis Guerin,1983,https://letterboxd.com/film/bertas-motives/,3.6,
Cineteca Madrid,La academia de las musas,https://www.cinetecamadrid.com/programacion/la-academia-de-las-musas,"[{'timestamp': '2026-02-27 20:30', 'location': 'Cineteca Madrid'}]",José Luis Guerin,2015,https://letterboxd.com/film/the-academy-of-muses/,3.6,
Cine Doré,Mapantsula,https://entradasfilmoteca.sacatuentrada.es/es/productos/descripcion/mapantsula,"[{'timestamp': '2026-02-26 19:00', 'location': 'Cine Doré'}]",Oliver Schmitz,1988,https://letterboxd.com/film/mapantsula/,3.6,
Cineteca Madrid,Door,https://www.cinetecamadrid.com/programacion/door,"[{'timestamp': '2026-02-26 20:00', 'location': 'Cineteca Madrid'}]",Banmei Takahashi,1988,https://letterboxd.com/film/door-1988/,3.5,
Cineteca Madrid,Creatura,https://www.cinetecamadrid.com/programacion/creatura,"[{'timestamp': '2026-02-05 20:00', 'location': 'Cineteca Madrid'}]",Elena Martín Gimeno,2023,https://letterboxd.com/film/creatura-2023/,3.5,
Cineteca Madrid,"Al oeste, en Zapata",https://www.cinetecamadrid.com/programacion/al-oeste-en-zapata,"[{'timestamp': '2026-02-20 19:30', 'location': 'Cineteca Madrid'}]",David Bim,2025,https://letterboxd.com/film/to-the-west-in-zapata/,3.5,
Cineteca Madrid,"Eloy de la Iglesia, adicto al cine",https://www.cinetecamadrid.com/programacion/eloy-de-la-iglesia-adicto-al-cine-0,"[{'timestamp': '2026-02-07 18:00', 'location': 'Cineteca Madrid'}, {'timestamp': '2026-02-08 20:30', 'location': 'Cineteca Madrid'}, {'timestamp': '2026-02-12 20:30', 'location': 'Cineteca Madrid'}, {'timestamp': '2026-02-13 20:30', 'location': 'Cineteca Madrid'}]",Gaizka Urresti,2025,https://letterboxd.com/film/eloy-de-la-iglesia-film-addict/,3.5,
Cines Renoir,La Cena,https://www.cinesrenoir.com/pelicula/la-cena/,"[{'location': 'Princesa', 'timestamp': '2026-02-06 16:00'}, {'location': 'Princesa', 'timestamp': '2026-02-06 18:15'}, {'location': 'Princesa', 'timestamp': '2026-02-07 16:00'}, {'location': 'Princesa', 'timestamp': '2026-02-07 18:15'}, {'location': 'Princesa', 'timestamp': '2026-02-08 16:00'}, {'location': 'Princesa', 'timestamp': '2026-02-08 18:15'}, {'location': 'Princesa', 'timestamp': '2026-02-09 16:00'}, {'location': 'Princesa', 'timestamp': '2026-02-09 18:15'}, {'location': 'Princesa', 'timestamp': '2026-02-10 16:00'}, {'location': 'Princesa', 'timestamp': '2026-02-10 18:15'}, {'location': 'Princesa', 'timestamp': '2026-02-11 16:00'}, {'location': 'Princesa', 'timestamp': '2026-02-11 18:15'}]",Manolo Gómez Pereira,2025,https://letterboxd.com/film/the-dinner-2025/,3.5,
Cines Renoir,Sirat,https://www.cinesrenoir.com/pelicula/sirat/,"[{'location': 'Princesa', 'timestamp': '2026-02-06 20:20'}, {'location': 'Princesa', 'timestamp': '2026-02-06 22:15'}, {'location': 'Princesa', 'timestamp': '2026-02-07 20:20'}, {'location': 'Princesa', 'timestamp': '2026-02-07 22:15'}, {'location': 'Princesa', 'timestamp': '2026-02-08 20:20'}, {'location': 'Princesa', 'timestamp': '2026-02-08 22:15'}, {'location': 'Princesa', 'timestamp': '2026-02-09 20:20'}, {'location': 'Princesa', 'timestamp': '2026-02-09 22:15'}, {'location': 'Princesa', 'timestamp': '2026-02-10 20:20'}, {'location': 'Princesa', 'timestamp': '2026-02-10 22:15'}, {'location': 'Princesa', 'timestamp': '2026-02-11 20:20'}, {'location': 'Princesa', 'timestamp': '2026-02-11 22:15'}]",Óliver Laxe,2025,https://letterboxd.com/film/sirat-2025/,3.5,
Cines Renoir,El Extranjero,https://www.cinesrenoir.com/pelicula/el-extranjero/,"[{'location': 'Plaza de España', 'timestamp': '2026-02-06 18:00'}, {'location': 'Plaza de España', 'timestamp': '2026-02-06 22:25'}, {'location': 'Plaza de España', 'timestamp': '2026-02-07 18:00'}, {'location': 'Plaza de España', 'timestamp': '2026-02-07 22:25'}, {'location': 'Plaza de España', 'timestamp': '2026-02-08 18:00'}, {'location': 'Plaza de España', 'timestamp': '2026-02-08 22:25'}, {'location': 'Plaza de España', 'timestamp': '2026-02-09 18:00'}, {'location': 'Plaza de España', 'timestamp': '2026-02-09 22:25'}, {'location': 'Plaza de España', 'timestamp': '2026-02-10 18:00'}, {'location': 'Plaza de España', 'timestamp': '2026-02-10 22:25'}, {'location': 'Plaza de España', 'timestamp': '2026-02-11 18:00'}, {'location': 'Plaza de España', 'timestamp': '2026-02-11 22:25'}]",François Ozon,2025,https://letterboxd.com/film/the-stranger-2025-1/,3.4,
Cine Doré,Goya en Burdeos,https://entradasfilmoteca.sacatuentrada.es/es/productos/descripcion/goya-en-burdeos,"[{'timestamp': '2026-02-24 19:00', 'location': 'Cine Doré'}]",Carlos Saura,1999,https://letterboxd.com/film/goya-in-bordeaux/,3.3,
Cineteca Madrid,Alicia en el país de las maravillas (2010),https://www.cinetecamadrid.com/programacion/alicia-en-el-pais-de-las-maravillas-2010,"[{'timestamp': '2026-02-22 12:00', 'location': 'Cineteca Madrid'}]",Tim Burton,2010,https://letterboxd.com/film/alice-in-wonderland-2010/,3.3,
Cineteca Madrid,Me siento extraña,https://www.cinetecamadrid.com/programacion/me-siento-extrana,"[{'timestamp': '2026-02-28 19:00', 'location': 'Cineteca Madrid'}]",Enrique Martí Maqueda,1977,https://letterboxd.com/film/i-feel-strange/,3.2,
Cineteca Madrid,Father Mother Sister Brother,https://www.cinetecamadrid.com/programacion/father-mother-sister-brother-0,"[{'timestamp': '2026-02-21 18:00', 'location': 'Cineteca Madrid'}, {'timestamp': '2026-02-22 19:00', 'location': 'Cineteca Madrid'}, {'timestamp': '2026-02-25 19:00', 'location': 'Cineteca Madrid'}, {'timestamp': '2026-02-26 19:00', 'location': 'Cineteca Madrid'}]",Jim Jarmusch,2025,https://letterboxd.com/film/father-mother-sister-brother/,3.2,
Cineteca Madrid,Door II: Tokyo Diary,https://www.cinetecamadrid.com/programacion/door-ii-tokyo-diary,"[{'timestamp': '2026-02-27 20:00', 'location': 'Cineteca Madrid'}]",Banmei Takahashi,1991,https://letterboxd.com/film/door-ii-tokyo-diary/,3.2,
Cineteca Madrid,Bumpkin Soup,https://www.cinetecamadrid.com/programacion/bumpkin-soup,"[{'timestamp': '2026-02-25 20:00', 'location': 'Cineteca Madrid'}]",Kiyoshi Kurosawa,1985,https://letterboxd.com/film/bumpkin-soup/,3.1,
Cines Renoir,Father Mother Sister Brother,https://www.cinesrenoir.com/pelicula/father-mother-sister-brother/,"[{'location': 'Plaza de España', 'timestamp': '2026-02-06 19:40'}, {'location': 'Plaza de España', 'timestamp': '2026-02-06 21:50'}, {'location': 'Plaza de España', 'timestamp': '2026-02-07 19:40'}, {'location': 'Plaza de España', 'timestamp': '2026-02-07 21:50'}, {'location': 'Plaza de España', 'timestamp': '2026-02-08 19:40'}, {'location': 'Plaza de España', 'timestamp': '2026-02-08 21:50'}, {'location': 'Plaza de España', 'timestamp': '2026-02-09 19:40'}, {'location': 'Plaza de España', 'timestamp': '2026-02-09 21:50'}, {'location': 'Plaza de España', 'timestamp': '2026-02-10 19:40'}, {'location': 'Plaza de España', 'timestamp': '2026-02-10 21:50'}, {'location': 'Plaza de España', 'timestamp': '2026-02-11 19:40'}, {'location': 'Plaza de España', 'timestamp': '2026-02-11 21:50'}]",Jim Jarmusch,2025,https://letterboxd.com/film/father-mother-sister-brother/,3.1,
Cines Renoir,Vida Privada,https://www.cinesrenoir.com/pelicula/vida-privada/,"[{'location': 'Princesa', 'timestamp': '2026-02-06 20:15'}, {'location': 'Princesa', 'timestamp': '2026-02-07 20:15'}, {'location': 'Princesa', 'timestamp': '2026-02-08 20:15'}, {'location': 'Princesa', 'timestamp': '2026-02-09 20:15'}, {'location': 'Princesa', 'timestamp': '2026-02-10 20:15'}, {'location': 'Princesa', 'timestamp': '2026-02-11 20:15'}]",Rebecca Zlotowski,2025,https://letterboxd.com/film/a-private-life-2025/,3.1,
Cines Renoir,La Asistenta,https://www.cinesrenoir.com/pelicula/la-asistenta/,"[{'location': 'Princesa', 'timestamp': '2026-02-06 16:10'}, {'location': 'Princesa', 'timestamp': '2026-02-07 16:10'}, {'location': 'Princesa', 'timestamp': '2026-02-08 16:10'}, {'location': 'Princesa', 'timestamp': '2026-02-09 16:10'}, {'location': 'Princesa', 'timestamp': '2026-02-10 16:10'}, {'location': 'Princesa', 'timestamp': '2026-02-11 16:10'}]",Paul Feig,2025,https://letterboxd.com/film/the-housemaid-2025/,3.1,
Cines Renoir,Homo Argentum,https://www.cinesrenoir.com/pelicula/homo-argentum/,"[{'location': 'Princesa', 'timestamp': '2026-02-06 16:00'}, {'location': 'Princesa', 'timestamp': '2026-02-07 16:00'}, {'location': 'Princesa', 'timestamp': '2026-02-08 16:00'}, {'location': 'Princesa', 'timestamp': '2026-02-09 16:00'}, {'location': 'Princesa', 'timestamp': '2026-02-10 16:00'}, {'location': 'Princesa', 'timestamp': '2026-02-11 16:00'}]","Gaston Duprat, Mariano Cohn",2025,https://letterboxd.com/film/homo-argentum/,2.5,
Cineteca Madrid,El increíble Burt Wonderstone,https://www.cinetecamadrid.com/programacion/el-increible-burt-wonderstone,"[{'timestamp': '2026-02-07 20:30', 'location': 'Cineteca Madrid'}]",Don Scardino,2013,https://letterboxd.com/film/the-incredible-burt-wonderstone/,2.5,
Cineteca Madrid,CIMA en corto: Un lugar al que llamar (Correspondencias íntimas),https://www.cinetecamadrid.com/programacion/cima-en-corto-un-lugar-al-que-llamar-correspondencias-intimas,"[{'timestamp': '2026-02-25 19:00', 'location': 'Cineteca Madrid'}]",Varias autoras,,,0.0,
Cineteca Madrid,Capítulo XXVIII: Sueños sonoros (músicas oníricas),https://www.cinetecamadrid.com/programacion/capitulo-xxviii-suenos-sonoros-musicas-oniricas,"[{'timestamp': '2026-02-11 19:30', 'location': 'Cineteca Madrid'}]",,,,0.0,
Cineteca Madrid,Sesión de cortometrajes: José Luis Guerin,https://www.cinetecamadrid.com/programacion/sesion-de-cortometrajes-jose-luis-guerin,"[{'timestamp': '2026-02-26 19:30', 'location': 'Cineteca Madrid'}]",José Luis Guerin,,,0.0,
Cineteca Madrid,Queer me,https://www.cinetecamadrid.com/programacion/queer-me,"[{'timestamp': '2026-02-21 20:30', 'location': 'Cineteca Madrid'}, {'timestamp': '2026-02-22 20:30', 'location': 'Cineteca Madrid'}, {'timestamp': '2026-02-24 19:30', 'location': 'Cineteca Madrid'}]",Irene Bailo Carramiñana,2025,https://letterboxd.com/film/queer-me/,0.0,
Cineteca Madrid,Dios lo ve,https://www.cinetecamadrid.com/programacion/dios-lo-ve,"[{'timestamp': '2026-02-07 19:30', 'location': 'Cineteca Madrid'}, {'timestamp': '2026-02-08 20:00', 'location': 'Cineteca Madrid'}, {'timestamp': '2026-02-10 19:30', 'location': 'Cineteca Madrid'}]","Alex Guimerà, Guillem Ventura",2025,https://letterboxd.com/film/god-sees-it/,0.0,
Cineteca Madrid,Emergency Exit,https://www.cinetecamadrid.com/programacion/emergency-exit,"[{'timestamp': '2026-02-13 20:30', 'location': 'Cineteca Madrid'}, {'timestamp': '2026-02-14 20:00', 'location': 'Cineteca Madrid'}, {'timestamp': '2026-02-15 20:00', 'location': 'Cineteca Madrid'}, {'timestamp': '2026-02-17 20:30', 'location': 'Cineteca Madrid'}, {'timestamp': '2026-02-19 19:00', 'location': 'Cineteca Madrid'}]",Lluís Miñarro,2025,https://letterboxd.com/film/emergency-exit-2025-2/,0.0,
Cineteca Madrid,"Hombre que me hace daño, hombre que más feo se pone",https://www.cinetecamadrid.com/programacion/hombre-que-me-hace-dano-hombre-que-mas-feo-se-pone,"[{'timestamp': '2026-02-14 18:00', 'location': 'Cineteca Madrid'}]",Varios autores,,,0.0,
Cine Doré,Hay un camino a la derecha,https://entradasfilmoteca.sacatuentrada.es/es/productos/descripcion/hay-un-camino-a-la-derecha,"[{'timestamp': '2026-02-01 19:00', 'location': 'Cine Doré'}]",Francisco Rovira Beleta,1953,https://letterboxd.com/film/hay-un-camino-a-la-derecha/,0.0,
Cine Doré,Noche de verano,https://entradasfilmoteca.sacatuentrada.es/es/productos/descripcion/noche-de-verano,"[{'timestamp': '2026-02-03 19:00', 'location': 'Cine Doré'}]",Jorge Grau,1962,https://letterboxd.com/film/summer-night-1963/,0.0,
Cine Doré,El taxista ful,https://entradasfilmoteca.sacatuentrada.es/es/productos/descripcion/el-taxista-ful,"[{'timestamp': '2026-02-12 19:00', 'location': 'Cine Doré'}]",Jo Sol,2005,https://letterboxd.com/film/the-taxi-thief/,0.0,
Cineteca Madrid,Vivir al revés,https://www.cinetecamadrid.com/programacion/vivir-al-reves,"[{'timestamp': '2026-02-21 20:00', 'location': 'Cineteca Madrid'}, {'timestamp': '2026-02-22 20:00', 'location': 'Cineteca Madrid'}]",Mauricio Álamo,2022,https://letterboxd.com/film/vivir-al-reves/,0.0,
Cineteca Madrid,Volpina,https://www.cinetecamadrid.com/programacion/volpina,"[{'timestamp': '2026-02-06 20:30', 'location': 'Cineteca Madrid'}]",Pere Koniec,2021,https://letterboxd.com/film/volpina/,0.0,
Cineteca Madrid,Una animación del cine,https://www.cinetecamadrid.com/programacion/una-animacion-del-cine,"[{'timestamp': '2026-02-24 19:00', 'location': 'Cineteca Madrid'}]",Varios autores,,,0.0,
Cineteca Madrid,Hotel Diaries 1-7,https://www.cinetecamadrid.com/programacion/hotel-diaries-1-7-0,"[{'timestamp': '2026-02-01 20:00', 'location': 'Cineteca Madrid'}]",John Smith,2007,https://letterboxd.com/film/hotel-diaries-dirty-pictures/,0.0,
Cineteca Madrid,La desmemoriada,https://www.cinetecamadrid.com/programacion/la-desmemoriada,"[{'timestamp': '2026-02-20 20:00', 'location': 'Cineteca Madrid'}]",Mauricio Álamo,2018,https://letterboxd.com/film/la-desmemoriada/,0.0,
Cineteca Madrid,Las gafas de Isabel Coixet,https://www.cinetecamadrid.com/programacion/las-gafas-de-isabel-coixet,"[{'timestamp': '2026-02-11 19:00', 'location': 'Cineteca Madrid'}]",Santiago Tabernero,2025,,0.0,
Cine Doré,Amanecer en Puerta Oscura,https://entradasfilmoteca.sacatuentrada.es/es/productos/descripcion/amanecer-en-puerta-oscura,"[{'timestamp': '2026-02-17 19:00', 'location': 'Cine Doré'}]",José María Forqué,1957,https://letterboxd.com/film/whom-god-forgives/,0.0,
Cine Doré,El enemigo principal,https://entradasfilmoteca.sacatuentrada.es/es/productos/descripcion/el-enemigo-principa,"[{'timestamp': '2026-02-05 19:00', 'location': 'Cine Doré'}]",Jorge Sanjinés,1973,https://letterboxd.com/film/the-principal-enemy/,0.0,
Cines Renoir,Aída Y Vuelta,https://www.cinesrenoir.com/pelicula/aida-y-vuelta/,"[{'location': 'Princesa', 'timestamp': '2026-02-06 16:00'}, {'location': 'Princesa', 'timestamp': '2026-02-06 18:20'}, {'location': 'Princesa', 'timestamp': '2026-02-06 20:15'}, {'location': 'Princesa', 'timestamp': '2026-02-07 16:00'}, {'location': 'Princesa', 'timestamp': '2026-02-07 18:20'}, {'location': 'Princesa', 'timestamp': '2026-02-07 20:15'}, {'location': 'Princesa', 'timestamp': '2026-02-07 22:45'}, {'location': 'Princesa', 'timestamp': '2026-02-08 16:00'}, {'location': 'Princesa', 'timestamp': '2026-02-08 18:20'}, {'location': 'Princesa', 'timestamp': '2026-02-08 20:15'}, {'location': 'Princesa', 'timestamp': '2026-02-08 22:45'}, {'location': 'Princesa', 'timestamp': '2026-02-09 16:00'}, {'location': 'Princesa', 'timestamp': '2026-02-09 18:20'}, {'location': 'Princesa', 'timestamp': '2026-02-09 20:15'}, {'location': 'Princesa', 'timestamp': '2026-02-09 22:45'}, {'location': 'Princesa', 'timestamp': '2026-02-10 16:00'}, {'location': 'Princesa', 'timestamp': '2026-02-10 18:20'}, {'location': 'Princesa', 'timestamp': '2026-02-10 20:15'}, {'location': 'Princesa', 'timestamp': '2026-02-10 22:45'}, {'location': 'Princesa', 'timestamp': '2026-02-11 16:00'}, {'location': 'Princesa', 'timestamp': '2026-02-11 18:20'}, {'location': 'Princesa', 'timestamp': '2026-02-11 20:15'}, {'location': 'Princesa', 'timestamp': '2026-02-11 22:45'}]",Paco León,2026,https://letterboxd.com/film/aida-y-vuelta/,,
Cines Renoir,La Fiera,https://www.cinesrenoir.com/pelicula/la-fiera/,"[{'location': 'Princesa', 'timestamp': '2026-02-06 16:00'}, {'location': 'Princesa', 'timestamp': '2026-02-06 18:05'}, {'location': 'Princesa', 'timestamp': '2026-02-06 20:10'}, {'location': 'Princesa', 'timestamp': '2026-02-06 22:15'}, {'location': 'Princesa', 'timestamp': '2026-02-07 16:00'}, {'location': 'Princesa', 'timestamp': '2026-02-07 18:05'}, {'location': 'Princesa', 'timestamp': '2026-02-07 20:10'}, {'location': 'Princesa', 'timestamp': '2026-02-07 22:15'}, {'location': 'Princesa', 'timestamp': '2026-02-08 16:00'}, {'location': 'Princesa', 'timestamp': '2026-02-08 18:05'}, {'location': 'Princesa', 'timestamp': '2026-02-08 20:10'}, {'location': 'Princesa', 'timestamp': '2026-02-08 22:15'}, {'location': 'Princesa', 'timestamp': '2026-02-09 16:00'}, {'location': 'Princesa', 'timestamp': '2026-02-09 18:05'}, {'location': 'Princesa', 'timestamp': '2026-02-09 20:10'}, {'location': 'Princesa', 'timestamp': '2026-02-09 22:15'}, {'location': 'Princesa', 'timestamp': '2026-02-10 16:00'}, {'location': 'Princesa', 'timestamp': '2026-02-10 18:05'}, {'location': 'Princesa', 'timestamp': '2026-02-10 20:10'}, {'location': 'Princesa', 'timestamp': '2026-02-10 22:15'}, {'location': 'Princesa', 'timestamp': '2026-02-11 16:00'}, {'location': 'Princesa', 'timestamp': '2026-02-11 18:05'}, {'location': 'Princesa', 'timestamp': '2026-02-11 20:10'}, {'location': 'Princesa', 'timestamp': '2026-02-11 22:15'}]",Salvador Calvo,2026,https://letterboxd.com/film/la-fiera-2026/,,
